姓（カタカナ）,名（カタカナ）
モリタ,テンマ
サエグサ,ショウキチ
サエグサ,ユイナ
ミタ,サトシ
ヤナギ,サトイ
ウエダ,ヤスヨシ
オオヒラ,マイ
カノ,ナツコ
ノザキ,シンジロウ
ミヤチ,アキコ
ホンマ,ヤスオ
マツノ,ミク
ツチヤ,ナツキ
ダイワ,ミコト
ナカネ,ミユ
ノガミ,カナ
カワグチ,チカラ
ミナミ,ミキコ
タウエ,アユミ
イズミ,アンナ
フルヤ,ナナミ
ノハラ,ノリヒサ
テジマ,ヨシナリ
マルタ,ショウキチ
カツタ,ヨシナリ
ナガイ,ミズキ
オイカワ,エイジ
サコタ,ノア
オノ,アユミ
ハシグチ,ノゾミ
トミタ,アンナ
カワゴエ,クレハ
ヨコヤマ,ユリ
ナルミ,サクラ
フルハシ,ショウイチ
タケダ,サナ
ニッタ,イチロウ
ナルミ,シズオ
カワシマ,ユウト
カキザキ,タクト
ウチノ,ココミ
ミゾグチ,ミウ
ツチダ,リナ
ゴトウ,ヨシノリ
オノデラ,ゼンイチ
オチ,アンリ
スギモト,ヤスヨシ
マツシタ,トシヤ
ニシモト,カズハ
キタジマ,カズヤ
テヅカ,マヒロ
オヤマダ,ノリコ
サガワ,アヤナ
ヨネクラ,カズキ
ノザワ,エイキチ
カナダ,タカヨシ
トクナガ,リョウゾウ
ノグチ,エマ
ミツイ,カズヒト
ミヤザワ,サチコ
ナガハマ,アユ
オオノ,マオ
アンザイ,チエコ
ナカザワ,チサキ
イシマル,カオリ
タキガワ,ナルヨシ
オノ,カノン
カガワ,エミ
カタヤマ,タイゾウ
カサイ,ミキコ
モリオカ,サダ
タニウチ,ハルオ
フルヤ,トシハル
カミヤ,マリ
カワモト,ノブオ
ヨコミゾ,タカシ
フジワラ,ショウジ
ナカツカ,ヨウスケ
オノデラ,リョウイチ
オバタ,ミホ
コクボ,ユウナ
ノナカ,ミク
ヤマグチ,キヨシ
オオガワラ,ケンジ
フジタニ,ユウカ
シモヤマ,セイゾウ
ナカザワ,シズオ
オオクラ,セイイチ
タカヤナギ,ヒサオ
ノザワ,ヒトミ
サカイ,トシコ
ヤナギダ,ケイジ
タケハラ,カリン
ヒロセ,ナナ
ヤマモト,キヨシ
ヤマモト,サトミ
サワムラ,ワタル
ニヘイ,アヤノ
ナカイ,ヒロフミ
ヒダカ,ヒロシ
ナガヤ,アカリ
ミハシ,ヒロコ
ノモト,ヨシツグ
タカノ,コウジ
トツカ,ショウゴ
アイザワ,ホノカ
タガワ,アキハル
ノグチ,ユキヒト
イイノ,ジュンコ
カキウチ,ユウゾウ
ミキ,シホ
ヤノ,マサミ
イワサワ,ヒロシゲ
ツルタ,レイカ
ノグチ,フウカ
ムラキ,リオン
イワタ,サクラコ
オサカ,ミドリ
ウメザワ,エイザブロウ
ソウマ,トシコ
クロダ,ユカ
カワダ,ミツオ
ナガハマ,ヒロノブ
イシモト,シンジ
マツシマ,ワタル
キタハラ,トモユキ
モウリ,ソウタ
オオヤ,マサカツ
オガミ,ショウイチ
タジマ,トシオ
タケダ,カズト
ハマダ,モエ
バン,ヤスオ
ミズグチ,カズノリ
アサイ,ユウコ
ヤマギシ,サダ
オカジマ,ミズキ
ソネ,スズカ
アサノ,コウキチ
オオヤ,ヨウコ
キシモト,ココロ
カワダ,シオリ
オオヤ,ミチヨ
フルヤ,シオリ
サワイ,レイコ
シラトリ,アヤカ
ミヤワキ,エイコ
シマザキ,マキ
ミズタニ,マリコ
キタオ,サダコ
タニ,アイカ
アベ,トモユキ
マスイ,ワカコ
オザワ,カリン
マツオ,カズエ
イタガキ,ミナミ
フルカワ,ミキ
クサカ,ショウジロウ
ヒグチ,ミコト
アオキ,リオ
サクライ,カズユキ
ヒロセ,ミハル
キクチ,カズト
ミナガワ,カホ
グンジ,マサシ
モリシタ,モトオ
タニグチ,テツオ
フクモト,ゼンキチ
シオタニ,アヤネ
ナカバヤシ,ヨシミ
カワサキ,ミホ
イトウ,ヒサコ
オジマ,カヨコ
カシマ,エイゾウ
タチバナ,ユラ
コミネ,カツヨシ
カガワ,キタロウ
キタオカ,ハルカ
ミヤザワ,アリサ
カワカミ,タダシ
カワモト,ミツエ
ウメモト,アンリ
ハタ,ジロウ
ヒガ,マサノリ
スギウラ,ヨシミ
モリグチ,マサノブ
ヤマウチ,シュウジ
カナヤマ,ヒロフミ
コクボ,ミドリ
ミタ,ヒロシ
ヒロタ,ヒナノ
スガヤ,ヨシオ
トガシ,マリ
フクダ,ハジメ
トビタ,ツカサ
タブチ,チエ
モロボシ,ユリ
コジマ,キンゾウ
カワハラ,ヒサヒロ
ミハラ,ショウキチ
サワ,マキ
フクモト,カナ
ミカミ,シュウゾウ
マサキ,ヒロヒサ
タシロ,エイキチ
ヒラツカ,カズオ
ミハラ,マイ
ウツノミヤ,ユカ
カガワ,トモコ
キダ,ミワ
ウメキ,トオル
イザワ,ヒロユキ
オカ,トシアキ
コウヤ,アヤネ
アメミヤ,マサト
セキネ,タツヤ
アオキ,ミホ
フクシマ,ヒデヨ
ヤザキ,アズサ
シオダ,ミツル
マサキ,ミウ
ヤマムラ,ツネオ
コウヤ,ハルオ
オオシマ,トシノリ
シガ,カズシ
オオヤ,ヒナ
ナンブ,ミサキ
モリヤ,サキ
ウチダ,コハル
オオシタ,ミノル
フカダ,ユタカ
ヨコタ,ネネ
ヨシノ,リョウイチ
オジマ,ケイコ
カワゾエ,ミズキ
サカイ,ノリアキ
ナガノ,マリ
トビタ,ミキ
オオサワ,リュウイチ
ゴトウ,リン
カワモト,キヨシ
ユカワ,ショウザブロウ
カノウ,ケイジ
ハヤサカ,ジュンゾウ
ノムラ,トシアキ
ミヤチ,カツミ
オオヤマ,ユウコ
シラカワ,ヒマリ
オオイ,ケンイチ
ノロ,マヤ
ツチヤ,ヒロ
タカザワ,マキコ
ヨシノ,トシヒロ
ヤマナカ,ノブオ
ワカヤマ,ユズキ
ヤダ,カツミ
モリヤ,マサユキ
カラサワ,ヨシヒコ
ナガノ,リツコ
イソノ,シゲオ
アリタ,ジュンコ
ハタナカ,タツオ
ヤギ,ミク
マエジマ,リオ
スエヨシ,マヒロ
ミタニ,ヨシカズ
キヨノ,ヨシタカ
ナカムラ,ミズキ
キシ,アオイ
ナンブ,ヨシオ
ウチノ,マサヨシ
フクダ,ジンイチ
モリタ,アヤナ
クマザワ,オトハ
イイダ,ハルカ
オカザキ,カリン
ヨシムラ,ハルカ
カミヤ,レナ
オオカワ,ミエコ
ソガ,ユリコ
オガサワラ,レン
カイ,リコ
カトウ,ユイ
イリエ,リョウタ
タガワ,カツヤ
クラモト,コウサク
ハセベ,セイゾウ
カジタ,キミオ
コウダ,ヤスオ
アサイ,ヨウコ
ナイトウ,アコ
ヒラヨシ,ケイコ
クボ,ユウダイ
オザワ,スミコ
スズキ,ユウジ
シバヤマ,ヒマリ
クラハシ,カツオ
クラモト,トシオ
ホリグチ,スズネ
クボタ,ヨウイチ
ミゾグチ,マイカ
スダ,ヨシタロウ
ヤマワキ,マサエ
フジカワ,ハジメ
タザキ,マサヒコ
イノマタ,リエ
シノザキ,ユキオ
タマギ,ユズハ
ナカダ,キミ
ババ,ショウジロウ
アサクラ,リナ
ヒダカ,セイザブロウ
マスダ,ミズキ
ワキタ,ハルカ
カミヤマ,テツロウ
イワイ,キンゾウ
ウメハラ,ヨウイチ
カワゴエ,フミノ
ナガノ,シンヤ
デクチ,ジュウロウ
ナガオカ,チョウジロウ
エグチ,コウイチ
サワダ,ユウゴウ
アズマ,マイ
クラモチ,トモヒコ
オゼキ,ハナ
タカセ,カズキ
ヤスナガ,リュウイチ
ナカニシ,ヒロヒト
ミヤチ,サヤ
カワムラ,リュウタ
ツチダ,ミナエ
シオザワ,タイゾウ
モリタ,ヨシコ
ミネ,ヨシユキ
ワカバヤシ,ノブオ
サタケ,ヒロフミ
イグチ,ケイイチ
アンドウ,ヨシミ
オオツカ,コウジ
キシモト,リオ
クロザキ,ヒロノブ
オオヤ,ヨシコ
ナガシマ,アキラ
スガヤ,カオリ
ワタナベ,エツヨ
ウスイ,アオイ
ナガタ,アユミ
キド,アズハ
サカノ,アヤノ
ウスイ,フウカ
ハラダ,ミユ
イケガミ,シゲオ
カナヤ,ツネトシ
ナガハマ,カズユキ
タキタ,メイ
マチダ,カズオ
モトヤマ,コハル
イワタニ,ユイ
サタケ,ミナコ
カネコ,チハル
オンダ,マサトシ
サエグサ,イサミ
サタケ,イズミ
キヨタ,カヤ
クサノ,ユキコ
オオツボ,アカリ
ミナミダ,ミレイ
アイダ,ユリコ
スガヌマ,タカシ
クマダ,ヒデオ
ミヨシ,エリ
ホンマ,ユウト
ササガワ,アキコ
ササモリ,ユメ
カツマタ,エイコ
アサイ,ミチオ
シバザキ,シオリ
タニグチ,ヤスオ
キノシタ,リサ
セキネ,トシオ
ハタ,シゲヨシ
ニヘイ,マサヒロ
サメジマ,アイト
ウサミ,セイゾウ
ミシマ,シノブ
ウジイエ,シゲハル
ヨシザキ,シュウセイ
ナカガワ,ケンゾウ
モリ,ジュリ
タケダ,ミチオ
ワカヤマ,オサム
イマダ,マルミ
カナヤ,マナ
トミヤマ,タツオ
タカマツ,エイジ
アマノ,カナデ
シマヅ,ヒナ
ニシワキ,キミコ
テラウチ,タダオ
ツボイ,コウイチ
オオニワ,ソウシ
サエキ,サツキ
ナラ,ノボル
グンジ,ハルカ
カン,ユミ
ウダガワ,ナツミ
ナルミ,アオイ
フルカワ,カオリ
ヤマダ,シロウ
アメミヤ,エリ
ミヨシ,トヨコ
カワセ,タケオ
ミヤノ,クニコ
ナカハラ,ミホ
シマダ,ジュン
ナルミ,レイナ
イタガキ,チョウジ
フジタ,シオン
ヨシカワ,ヨシアキ
セキネ,ミエコ
イシノ,ユウキ
ワカヤマ,コト
サカモト,シゲミツ
ミタ,リョウイチ
カノ,ナナコ
オオニシ,アキメ
オオクボ,リコ
イシモト,ジュン
コミヤ,テツロウ
マルタ,タカヒロ
サメジマ,コウジ
カワバタ,トキオ
シオザキ,ヨシカツ
ナカツカ,トキマサ
キド,ソウタ
イマダ,ユキコ
ホリ,エリ
ハシヅメ,ヒロシ
マツモト,シゲシ
マエカワ,サヤカ
マツバラ,ツネアキ
オオヌマ,ヨシアキ
ニシノ,ヒロフミ
ババ,ヒサキチ
モリイ,カオリ
イソザキ,ヤタロウ
ナカタニ,レイコ
ヤマノ,サヤカ
マツノ,サナ
カワサキ,ヨシノブ
マエダ,シンヤ
セト,タミオ
サガワ,シンヤ
スガヌマ,ユズキ
キタダ,タダシ
タドコロ,リキオ
セキヤ,マサノブ
オオヒラ,ルリ
ムラマツ,マサヒロ
サトウ,ヒジリ
タケハラ,タロウ
オグラ,アヤノ
セオ,ミヤコ
アラカワ,アンリ
ムロイ,トミコ
モリモト,アキコ
モギ,ショウコ
イハラ,サアヤ
カサイ,ハルナ
カドワキ,ショウジ
タケウチ,ヨシツグ
トミタ,アオイ
カナザワ,ケンキチ
アサカワ,アイカ
カワバタ,ムネオ
イノマタ,ゼンシロウ
モモセ,キヨシ
タザキ,ユリ
ウメムラ,トモコ
サイトウ,マツオ
シモヤマ,マユ
クサノ,ヒナ
マツオ,サナ
ナガノ,ケイゾウ
クマクラ,アキコ
オノ,マサヤ
ミズグチ,マサヨシ
オオハラ,モモ
フジシマ,コトミ
ホンダ,ハンペイ
トヨダ,アキヒト
イトウ,カツミ
ヤザワ,アキト
ソガ,ヒロシ
モチダ,トモコ
アダチ,ヒデオ
ナカヤマ,ルナ
マエダ,ヤタロウ
アキヤマ,カズヒサ
クロサワ,ナナ
イワサワ,ミサキ
イナガキ,カメタロウ
アガツマ,エイザブロウ
キムラ,キンゴ
シマダ,タダシ
キハラ,シヅカ
ヒノ,マサコ
コン,トオル
カンダ,トモジ
ウエムラ,マサミ
ヒビノ,キハチロウ
ナルミ,ツネオ
オバタ,アヤ
ニシヤマ,ケイコ
ムラオカ,ホノカ
ナンブ,モモカ
エザキ,フユコ
カワノ,ヒカリ
ノロ,ダイキ
カワグチ,ミツオ
トビタ,ヨシナリ
ハタ,ケンジ
ニシヤマ,ヒサシ
フジモリ,ユカリ
モリヤ,サキ
マツモト,カノン
カナダ,モモカ
ウチムラ,テルミ
クスモト,アスカ
オカベ,タツオ
カネイ,アヤコ
セキネ,ヒナタ
イカワ,アキオ
ウチダ,マサノブ
キド,サキ
テラサキ,カリン
ナラ,ナナミ
ミツイ,カホ
ワカヤマ,ミツヨシ
ツカハラ,カオル
オチアイ,アキ
イケダ,リカ
タケウチ,アキコ
マツオ,サナ
オカモト,コウヤ
ミヤワキ,マサト
ヨコオ,セイイチロウ
イシクラ,ユウジロウ
フルタ,ヨシコ
モリシタ,トシユキ
ショウジ,シゲオ
カナダ,トシアキ
アサヌマ,サナ
トツカ,コハル
イソザキ,ナナコ
ハラグチ,モモカ
ハマダ,ヤスヒロ
アキモト,チヅル
キダ,モモカ
アサヌマ,ヒナコ
オオサキ,ソウガ
イガラシ,イサオ
オオタ,ハルカ
ナガヤ,ハルヨ
ハタケ,シンジ
サガラ,タミオ
コマツ,ゼンシロウ
トリイ,コウジ
ホリカワ,コウゾウ
イシザキ,ユタカ
イシヅカ,アユミ
ミウラ,トシユキ
ハタナカ,ホノカ
クボタ,マオ
タケイ,フキト
イモト,アサミ
ヨシワラ,アヤ
ハナイ,カツミ
モチダ,ヒロヤ
トダ,マサヒロ
アマノ,アンナ
オチアイ,ユズル
ホリコシ,ヤタロウ
オオイシ,ヤスシ
ヤマカワ,ツギオ
フルサワ,カズヒコ
アズマ,ヒマリ
ニノミヤ,トクミ
オバタ,ヒナタ
アンドウ,アキ
オカベ,エイジ
サコタ,ナナコ
ヨネダ,アカネ
エバラ,フジコ
サカノ,マツオ
ミズグチ,ユウゾウ
ハマ,ノリコ
ウミノ,ミチコ
タケイ,キクオ
ミワ,ヤスコ
ハラ,ユカ
フジキ,ヨシオ
フジイ,カツイチ
イソノ,トシオ
オオダカ,エイサク
イダ,オトハ
シゲマツ,ミヤコ
アソウ,トシユキ
オオブチ,アイネ
オオシロ,アリマサ
キド,アキヒロ
ツジ,シズク
タカヤナギ,ヨシミ
ハマダ,ジュウキチ
ハシグチ,スズネ
ツボイ,ヤスフミ
ツカゴシ,フミヤス
イザワ,タイジ
ミカミ,ナツミ
タケダ,チアキ
トリイ,アユミ
コダイラ,カレン
アオキ,ユリ
スドウ,モモカ
ナガシマ,ヒマリ
ヒラガ,ツネキチ
キヨノ,マサカツ
ムラオカ,サキ
ナルセ,セイコ
ノガミ,シゲユキ
シバザキ,ショウゴ
モリナガ,シンジ
イシダ,シロウ
オウウチ,ヒナ
ウチダ,ヨウイチロウ
ショウジ,マサオ
カメイ,エリ
ミツイ,テツミ
アラヤ,モトオ
ヤナギハラ,ジュン
モリカワ,ショウジ
カワニシ,ユウワ
モトムラ,サキ
シゲタ,ヤスオ
イマニシ,タケシ
カク,マホ
マツモト,マオ
ホリグチ,ヒロコ
オオダカ,シンジ
ヒダカ,ヤスオ
コジマ,コウヘイ
キタハラ,ココナ
ナガシマ,トシヒト
アンザイ,エリ
トミオカ,リサ
ヤナギサワ,ミサキ
カタオカ,サダ
ニシダ,カエ
アダチ,ヨシロウ
タケフジ,マキコ
イタバシ,カコ
オジマ,カイチ
ナス,ヒナ
タケダ,テルオ
アキタ,シュウイチ
カワベ,ツギオ
カナダ,シゲオ
ハトリ,ショウジ
オザワ,コハル
タケムラ,タダマサ
タカザワ,アキノリ
オオダカ,イクヨ
ユアサ,ハルカ
タカハタ,ユウタ
キヨタ,ユキエ
コモリ,ナツキ
オヌマ,マサキチ
ノハラ,ケンジ
オバタ,スエオ
ナカノ,ツネオ
ホウジョウ,キチノスケ
ミナミ,ヨシヒコ
オオカワ,キミコ
ナカシマ,ヒロシ
モリシタ,レイナ
ムライ,トオル
タワラ,セイイチ
ホンダ,シゲオ
セキグチ,ナヅキ
ハマモト,ミヤコ
ヨネザワ,マサトシ
イトウ,ハルナ
ナカザワ,アツシ
タブチ,ワタル
ヨシイ,ハルナ
タムラ,ルリ
セキグチ,マリオ
アラガキ,マサノブ
フジタニ,トウジョウ
タカザワ,セナ
タカシマ,ヨシカズ
フジモト,マユ
スズキ,トモカズ
カワハラ,タカヒロ
タウエ,ヨシタロウ
オオヤ,ハツネ
ハシヅメ,ユリ
アカギ,ルカ
ハラダ,イサオ
フクナガ,サクラ
クマザワ,タカノリ
イマムラ,ヨシヒコ
コンノ,ヨシヤ
カノウ,ヒサミチ
シオダ,ミヨ
タブチ,ミナコ
タナカ,チサ
ニシ,サナエ
シマダ,ヨシロウ
コニシ,チカ
カナシロ,アカネ
コムロ,チヒロ
イダ,ケンジロウ
バン,カズノリ
マツムラ,サヤ
シマブクロ,ツバサ
ワタナベ,ユカ
キダ,アツシ
タケハラ,ユリ
イノウエ,ケイコ
タマギ,スズコ
シシド,カオル
クサカベ,ユイ
カネノ,タケシ
ミヤシタ,マサノブ
ナカ,ヒロミ
サカモト,シュウコ
スギウラ,ワタル
カクタ,シズエ
タカハラ,カノン
ホリコシ,ユラ
タマダ,ヒロジ
ニシカワ,タツヤ
フクチ,カナ
ミズシマ,イツコ
マツダ,シゲオ
イノマタ,ダイキ
サカモト,トモジ
クワタ,アイカ
テラサキ,アイ
ナガセ,シゲオ
エビハラ,タツジ
ハタノ,コハル
オサヤ,ナナ
タガワ,カレン
オノデラ,ユラ
カワノ,カズキ
ナイトウ,フミオ
カネコ,マサヒロ
ヒラヤマ,カツヤ
ナカオカ,イブキ
フジカワ,タケシ
キタ,ヒデオ
シノザキ,マサミチ
シムラ,エミ
ダイワ,マサオ
ヤマシタ,サオリ
ウエスギ,マサト
タカヤマ,ヒサオ
サガワ,ケンジロウ
オザキ,イワオ
ツジ,マサノリ
ナカヤマ,カナデ
バンドウ,ハナ
フジムラ,キチロウ
カキウチ,マアヤ
ヤブキ,ユカ
イシザカ,ヒデユキ
ホンダ,ヨシユキ
イシカワ,ヒデハル
ウチノ,コウイチ
トクナガ,フジオ
タジマ,トシヒト
オバタ,マユ
オガミ,マミ
コウヤ,ミツエ
ホリウチ,ユウキチ
マスダ,リノ
スガハラ,キンヤ
イシムラ,ヨシヤ
ヤマカワ,ヒデユキ
コガ,ヒナタ
ミナミダ,チヨノ
ハトリ,スズカ
イワイ,リサブロウ
カワカミ,タケオ
スガノ,ナミ
シラカワ,スミコ
コジマ,カズマサ
アンザイ,ハルカ
カザマ,ヒナノ
シモダ,マサオ
ハマ,ジュウキチ
ヒロセ,マサノブ
ヨシノ,リカ
マスコ,サキ
トヨダ,ミオ
キヨノ,ユウジ
カミヤマ,トオル
カワハラ,イチロウ
クスモト,エツヨ
アイハラ,ミク
タテイシ,エイゾウ
ウメモト,マサオ
ナガセ,リンゴ
オオハラ,フミト
クボタ,アイ
カン,カホ
ウメハラ,マユ
ハガ,アヤナ
ヤギ,マオ
キシダ,タケヒサ
クラハシ,キンヤ
キヨミズ,タイスケ
ウツミ,ハルカ
ワタナベ,イクオ
オキ,ヒロアキ
ミウラ,タテアキ
ミズタニ,カエデ
トミダ,マサヒロ
ナガサカ,ユウ
タキタ,ヒデオ
ハタナカ,サクラ
オオキ,ミチコ
カワムラ,タエコ
イノマタ,ユズキ
ワキタ,サキ
オノダ,レイナ
コタニ,ヨシユキ
キウチ,ナツコ
ニイクラ,ヒデ
タニウチ,リュウイチ
ムラカミ,カズオ
イノマタ,コウセイ
タカヤナギ,ミユ
アラガキ,ヒコタロウ
タケダ,トモコ
クリタ,シズク
カゲヤマ,リン
アカサカ,ソウイチロウ
オオカワ,ハルカ
ナガセ,ミヨコ
コタニ,アツキ
カワイ,ヒトシ
カナザワ,タカシ
キシダ,アヤコ
アンザイ,ギンゾウ
ウエムラ,ユリ
ムラオカ,ヒデハル
オオニワ,タケト
ヤマグチ,ヒデノリ
イワキ,ハナコ
モリヤ,アユミ
クサカベ,ヨシオ
マツバラ,リョウゾウ
トリイ,タケノブ
ニヘイ,リヘイ
フジモト,ショウジ
コモリ,コハル
カワカミ,コウスケ
ニシワキ,ユウ
キド,ミナミ
ツルオカ,チナツ
フルサワ,コズエ
ヌマタ,チヨコ
オオゼキ,カネキチ
イトウ,マコ
マノ,ハルヒコ
オマタ,サヤ
フルヤ,ノブタカ
シバタ,サナ
タバタ,レイコ
タカミ,ナオキ
カワゾエ,トモヒコ
オオゼキ,シンイチ
アリマ,コウイチ
イマイズミ,タカシ
イシマル,ユミ
スガ,カズオ
マトバ,テツオ
ムカイ,ユタカ
ハタケヤマ,トモコ
ハラダ,アサミ
ミヤサカ,ユリ
シゲタ,エリコ
コスギ,タカシ
カノウ,マサトシ
カワバタ,コトハ
ハナオカ,ユキ
クロダ,セイジ
マツウラ,アオイ
カワダ,ユア
フジタ,タカオ
ナカオ,クウガ
シマダ,カツゾウ
アイザワ,ウララ
イワイ,マサヨシ
オギノ,ハジメ
バン,コウキチ
ナカツカ,トモミ
コバヤシ,カズヒロ
コムロ,ヤスオ
イイヅカ,シノ
ツボタ,エミ
ツチダ,マサヤス
ホンダ,ワカコ
コスゲ,サダオ
ナガタ,キョウコ
ヨシザワ,モモエ
クロザキ,サナ
トミナガ,タツオ
オマタ,ミチヨ
イシザカ,イクヨ
ハヤシ,リョウマ
カミヤマ,キフウ
イシヅカ,ジュン
ヒラツカ,リサ
オオバヤシ,カズヨシ
ナミキ,ハナコ
ナガヤマ,カツヒコ
ノザワ,マツオ
クロダ,ハチロウ
アラヤ,コトノ
ニシオ,スエジ
イシヅカ,トモカズ
タケシタ,ナナミ
ヒラモト,マサエ
シンカワ,スズネ
カタギリ,シンジ
ミヤハラ,サダオ
シムラ,アヤノ
カザマ,ミツオ
カツマタ,マサユキ
カミジョウ,カホ
ヨコオ,リカ
クラハシ,サラ
ヒガシノ,リク
オオゼキ,レイコ
カナヤ,ミズキ
サカイ,キクオ
クスノキ,ミドリ
ハヤサカ,アヤコ
アラヤ,リュウコウ
ヒラヤマ,マサシ
タキ,ユウコ
サトウ,モトコ
サカノ,ミライ
スギヤマ,ヨシミ
コウサカ,コユキ
イケガミ,トシオ
バン,エイゾウ
オオヒラ,リュウタ
オノダ,フミアキ
ウツミ,ユウナ
コクボ,ジュンイチ
ミズグチ,サナ
チバ,イズミ
マノ,タツオ
オグリ,マヤ
ミヤモト,ヒデユキ
ニシ,ヒロアキ
タカシマ,カオル
ツチダ,ヨシオ
キタダ,カツオ
ミサワ,ナオコ
カナモリ,テルオ
ヤナギ,ユウト
タケダ,アユミ
イトウ,マイコ
フジモト,キミコ
ササモト,マサヨシ
ノマ,ショウジ
サカガミ,ミツオ
ハガ,タイト
ウスイ,シノブ
スギヤマ,ユキナ
イケタニ,ユリ
ニッタ,ユイカ
アソウ,ヨウコ
スギウラ,リョウタ
シマダ,マナ
イシザキ,エイコ
ニシモト,ミチコ
コイケ,ヒナタ
サトウ,アキオ
ヤグチ,ナナハ
シラトリ,ハルカ
ウメハラ,タカヒロ
オオイシ,マサトシ
